Posh Patterns,+51133685246,Dominica,23749₽,advice
Classy Collections,+31770850781,Syria,52365₽,classroom
Body Bliss,+96504378212,Turkmenistan,35173₽,concept
Skin Studio,+71689821973,Uruguay,36341₽,injury
Lash Lounge,+65760879296,Gabon,39664₽,context
Sophisticated Sewing,+6358848417,Mauritania,69373₽,death
Brow Boosters,+23167591418,Brunei,73152₽,advertising
Stylish Silhouettes,+77770779555,Lesotho,59207₽,cookie
Fashion Forward,+54342383579,Malta,49340₽,development
Fashion Forward,+44819276533,Liechtenstein,28350₽,community
Stellar Stitches,+036972124,Guyana,41534₽,payment
Urban Upmarket,+8238089154,Swaziland,39417₽,administration
Classy Chic,+90467495653,Vatican City (Holy See),93008₽,payment
Sleek Styles,+26793760940,Slovakia,72677₽,employee
Posh Patterns,+81865066000,Saint Kitts and Nevis,21459₽,buyer
Stylish Silhouettes,+24511336574,Liberia,72649₽,classroom
Classy Collections,+64628049733,Poland,84497₽,addition
Glamour Galore,+38219874659,Seychelles,14698₽,marriage
Brow Boosters,+40359166393,Mexico,32223₽,library
Beauty Bar,+87319014637,Slovakia,95248₽,preparation
Haute Hues,+87303348191,Liberia,97348₽,payment
Urban Upmarket,+35511743960,Singapore,55667₽,administration
Elite Elegance,+97848075405,Mongolia,17916₽,administration
Modish Mannequins,+88507428019,"Congo, Republic of the",64861₽,midnight
Urban Upmarket,+86430140365,Estonia,58733₽,organization
Beauty Bar,+17271578968,Oman,17637₽,midnight
Stellar Stitches,+90539503653,Honduras,82156₽,steak
Body Bliss,+22462282802,Germany,74356₽,drama
Refined Rags,+88699861108,Kuwait,61656₽,data
Chic Couture,+28248796465,Kazakhstan,74064₽,tennis
Smart Styles,+75758811144,Malaysia,70536₽,ladder
Lash Lounge,+0170499185,Sri Lanka,99193₽,contribution
Trendsetting Tailors,+32444288199,"Micronesia, Federated States of",81565₽,cigarette
Urban Upmarket,+10122148272,United Kingdom,83214₽,topic
Clipper Cuts,+76221856832,"Congo, Republic of the",77853₽,thanks
Dapper Designs,+25783108344,Ecuador,73318₽,elevator
Beauty Bar,+19447037633,Botswana,90473₽,pizza
Brow Boosters,+62661474602,The Bahamas,22960₽,advice
Stellar Stitches,+10715304997,Chile,81752₽,nature
Clipper Cuts,+16811800970,Qatar,72045₽,map
Crisp Creations,+11634522009,Dominica,92064₽,republic
Haute Hues,+73749470304,Canada,39869₽,ladder
Trendy Threads,+66237169512,Saudi Arabia,95962₽,office
Fashion Fusion,+90800638862,Qatar,18340₽,development
Urban Upmarket,+16659025459,"Micronesia, Federated States of",83895₽,wood
Urban Upmarket,+7554182917,Portugal,85343₽,midnight
Fashion Forward,+47190142366,Hungary,86158₽,administration
Lash Lounge,+63596764484,"Korea, South",13203₽,tennis
Urban Upmarket,+95368880526,Guyana,25733₽,assumption
Clipper Cuts,+41132861775,Malta,95492₽,passenger
Classy Collections,+20609353310,Peru,53950₽,dad
Classy Chic,+69797216866,Algeria,84195₽,elevator
Skin Studio,+3529494485,Palau,54258₽,emphasis
Nail Nook,+63298217517,Saint Kitts and Nevis,66853₽,computer
Beauty Bar,+33847608635,The Bahamas,32829₽,enthusiasm
Sleek Styles,+61228918526,Eritrea,74942₽,newspaper
Brow Boosters,+88714097257,Cambodia,13856₽,emphasis
Dapper Designs,+84318205412,Sierra Leone,42623₽,classroom
Clipper Cuts,+14834623542,Cameroon,18663₽,weakness
Wellness World,+92729204155,Spain,69238₽,homework
Trendsetting Tailors,+71770640849,Taiwan,61887₽,dad
Makeup Maven,+2870076922,Swaziland,72147₽,employment
Modern Maven,+37306289324,Bahrain,47996₽,affair
Beauty Bar,+77307897582,Zambia,51644₽,organization
Refined Rags,+64234216480,Sweden,20357₽,dad
Classy Collections,+70115144813,Switzerland,72308₽,contribution
Makeup Maven,+66433525436,Czech Republic,83747₽,library
Refined Rags,+38832545340,Bahrain,53845₽,office
Classy Chic,+47529221239,Morocco,17090₽,description
Dapper Designs,+94487279197,Guinea,19621₽,newspaper
Beauty Bar,+2693534696,Jordan,89778₽,tennis
Fashion Forward,+1652736715,Thailand,57876₽,hat
Classy Chic,+1543580796,Andorra,34586₽,wood
Crisp Creations,+1040406912,Germany,80355₽,love
Sophisticated Sewing,+13307914644,Mauritius,92466₽,mixture
Crisp Creations,+17778995527,Honduras,98343₽,context
Glamour Galore,+88671621009,Iran,43907₽,maintenance
Makeup Maven,+15271189415,Cyprus,64366₽,development
Body Bliss,+48121485281,United Arab Emirates,85450₽,analyst
Sleek Styles,+57549489730,Papua New Guinea,33960₽,context
Posh Patterns,+38512721183,Turkey,45575₽,assumption
Elegant Ensembles,+73756458248,Qatar,81016₽,love
Glow Getter,+14822852220,Jordan,79177₽,hair
Makeup Maven,+24686262190,Guinea-Bissau,46490₽,dad
Classy Chic,+47616179556,Uruguay,56509₽,death
Makeup Maven,+20908648401,Cameroon,50271₽,construction
